File,Line,Function
Achievements.lua,24,now
Achievements.lua,31,formatNumber
Achievements.lua,38,rewardFor
Achievements.lua,50,Achievements:Add
Achievements.lua,68,addSeries
Achievements.lua,75,Achievements:BuildCatalog
Achievements.lua,160,progressionRoot
Achievements.lua,167,Achievements:Ensure
Achievements.lua,186,countTrueOrTables
Achievements.lua,194,countMap
Achievements.lua,200,Achievements:GetGameTotals
Achievements.lua,219,Achievements:GetUnlockCount
Achievements.lua,238,Achievements:GetStat
Achievements.lua,285,Achievements:GetCounts
Achievements.lua,297,Achievements:GetPoints
Achievements.lua,306,Achievements:IsUnlocked
Achievements.lua,311,Achievements:Unlock
Achievements.lua,336,Achievements:EvaluateAll
Achievements.lua,361,Achievements:RecordDeath
Achievements.lua,367,Achievements:RecordFlight
Achievements.lua,373,Achievements:RecordZone
Achievements.lua,381,Achievements:RecordDungeonEntry
Achievements.lua,388,Achievements:CaptureBossUnits
Achievements.lua,402,Achievements:RecordBoss
Achievements.lua,422,Achievements:RecordWorldKill
Achievements.lua,439,Achievements:ScanProfessions
Achievements.lua,442,record
Achievements.lua,475,Achievements:ProcessTaxiState
Achievements.lua,481,Achievements:ProcessInstanceState
Achievements.lua,492,Achievements:GetPanelHeight
Achievements.lua,503,Achievements:BuildDrawerPanel
Achievements.lua,597,Achievements:RefreshDrawerPanel
Achievements.lua,650,safeRegister
BattlePass.lua,83,paletteInfo
BattlePass.lua,135,now
BattlePass.lua,141,clamp
BattlePass.lua,146,formatNumber
BattlePass.lua,153,Pass:Ensure
BattlePass.lua,197,Pass:GetGoalProgress
BattlePass.lua,202,Pass:GetNextMilestone
BattlePass.lua,209,Pass:CheckMilestoneGoals
BattlePass.lua,222,Pass:GetPassPanelHeight
BattlePass.lua,224,Pass:IsPremiumTheme
BattlePass.lua,228,Pass:IsThemeUnlocked
BattlePass.lua,235,Pass:GetLockedThemeCount
BattlePass.lua,243,Pass:GetThemePanelHeight
BattlePass.lua,247,Pass:GetThemeInfo
BattlePass.lua,251,Pass:GetNextLevelCost
BattlePass.lua,256,Pass:GetCumulativeXP
BattlePass.lua,262,Pass:GetLevelFromXP
BattlePass.lua,271,Pass:GetProgress
BattlePass.lua,282,Pass:GetReward
BattlePass.lua,312,Pass:GetRequirementRoute
BattlePass.lua,317,Pass:GetRequirement
BattlePass.lua,348,Pass:SelectRequirement
BattlePass.lua,366,Pass:StartRequirement
BattlePass.lua,381,Pass:HandleRewardClick
BattlePass.lua,387,Pass:IsLevelReached
BattlePass.lua,393,Pass:IsRewardClaimed
BattlePass.lua,398,Pass:AddCoins
BattlePass.lua,411,Pass:AddPassXP
BattlePass.lua,434,Pass:ClaimReward
BattlePass.lua,480,Pass:ClaimAllAvailable
BattlePass.lua,505,Pass:AwardForGame
BattlePass.lua,547,Pass:BuyTheme
BattlePass.lua,581,Pass:GetWalletText
BattlePass.lua,586,Pass:GetLifetimeText
BattlePass.lua,591,Pass:RefreshDrawer
BattlePass.lua,596,Pass:OpenThemeUnlock
BattlePass.lua,615,Pass:ToggleThemePreview
BattlePass.lua,641,setButtonEnabled
BattlePass.lua,648,Pass:BuildDrawerPanels
BattlePass.lua,857,Pass:RefreshDrawerPanel
CardDeckLibrary.lua,448,_G.CreshChatApplyCardTexture
CardDeckLibrary.lua,453,_G.CreshChatGetCardTexture
CardDecks.lua,19,library
CardDecks.lua,23,hashText
CardDecks.lua,32,identitySeed
CardDecks.lua,45,Decks:GetDeckInfo
CardDecks.lua,49,Decks:GetDisplayName
CardDecks.lua,54,Decks:ChooseStarterDeck
CardDecks.lua,59,Decks:Ensure
CardDecks.lua,95,Decks:GetStarterDeck
CardDecks.lua,100,Decks:IsUnlocked
CardDecks.lua,105,Decks:UnlockDeck
CardDecks.lua,118,Decks:BackfillFromClaimed
CardDecks.lua,131,Decks:GetBattlePassReward
CardDecks.lua,144,Decks:GetUnlockedOrder
CardDecks.lua,147,add
CardDecks.lua,159,Decks:GetSelected
CardDecks.lua,168,Decks:SetSelected
CardDecks.lua,178,Decks:Cycle
CardDecks.lua,190,Decks:CardCode
CardDecks.lua,210,Decks:GetCardTexture
CardDecks.lua,220,Decks:ApplyCardFrame
CardDecks.lua,242,Decks:GetButtonText
CardDecks.lua,246,Decks:StyleDeckButton
Core.lua,17,CC:RegisterModule
Core.lua,25,CC:GetModule
Core.lua,314,deepCopy
Core.lua,325,mergeDefaults
Core.lua,355,mergeAccountProgressionValue
Core.lua,374,CC:EnsureAccountProgressionStorage
Core.lua,402,CC:BindAccountProgressionStorage
Core.lua,416,CC:EnsureAccountWhisperStorage
Core.lua,440,mergeLegacyTable
Core.lua,455,CC:AccountFriendKey
Core.lua,461,CC:RememberAccountFriend
Core.lua,501,CC:ForgetAccountFriend
Core.lua,517,CC:GetAccountFriendRecords
Core.lua,521,CC:SetBattleNetPrimaryCharacter
Core.lua,533,CC:UpdateBattleNetCharacterPresence
Core.lua,562,CC:GetLinkedBattleNetConversation
Core.lua,569,CC:GetBattleNetCharacterRecord
Core.lua,575,CC:GetWhisperContactTabs
Core.lua,582,add
Core.lua,603,CC:EnsureChatStorage
Core.lua,623,CC:NotifyChatUI
Core.lua,633,CC:ResetBattleNetLiveRoutes
Core.lua,643,CC:BindSharedWhisperStorage
Core.lua,669,characterProfileIdentity
Core.lua,680,profileTableCount
Core.lua,686,makeProfileSection
Core.lua,697,CC:GetCurrentCharacterProfileKey
Core.lua,701,CC:GetCharacterProfiles
Core.lua,705,CC:GetCharacterProfileDisplay
Core.lua,713,CC:GetCharacterProfileOptions
Core.lua,729,CC:EnsureCharacterProfile
Core.lua,767,CC:BindCharacterProfile
Core.lua,787,CC:ActivateCharacterProfile
Core.lua,797,CC:SyncActiveCharacterProfile
Core.lua,815,CC:ClearSessionChatHistory
Core.lua,846,CC:CopyUIFromCharacterProfile
Core.lua,868,CC:Print
Core.lua,881,CC:ShortName
Core.lua,891,CC:CleanText
Core.lua,910,CC:GetNotificationKey
Core.lua,914,CC:IsNotificationEnabled
Core.lua,925,CC:GetNotificationPriority
Core.lua,934,CC:SetNotificationPriority
Core.lua,945,CC:GetNotificationPriorityRank
Core.lua,950,CC:CleanPlayerName
Core.lua,965,CC:SplitPlayerName
Core.lua,975,CC:IsBattleNetConversation
Core.lua,979,battleNetIdentityText
Core.lua,986,CC:GetBattleNetAccountInfoByID
Core.lua,1018,CC:RegisterBattleNetAccount
Core.lua,1048,CC:GetBattleNetAccountID
Core.lua,1055,CC:GetWhisperDisplayName
Core.lua,1067,CC:WhisperNamesEquivalent
Core.lua,1086,CC:ResolveWhisperConversation
Core.lua,1105,CC:RememberWhisperRoute
Core.lua,1119,CC:GetWhisperRoute
Core.lua,1127,CC:IsSelf
Core.lua,1135,CC:UpdatePlayerIdentity
Core.lua,1147,CC:TouchConversation
Core.lua,1155,CC:TrimHistory
Core.lua,1162,CC:EnsureWhisperConversation
Core.lua,1182,CC:EnsureBattleNetConversation
Core.lua,1190,CC:PlayerCacheKey
Core.lua,1198,CC:CachePlayerInfo
Core.lua,1237,CC:GetCachedPlayerInfo
Core.lua,1255,CC:ChannelColorKey
Core.lua,1275,CC:NormaliseChatType
Core.lua,1287,CC:FindPendingOutgoing
Core.lua,1302,CC:MarkPendingMessageFailed
Core.lua,1309,CC:AddWhisper
Core.lua,1349,CC:AddBattleNetWhisper
Core.lua,1384,CC:AddGuildMessage
Core.lua,1418,CC:AddGeneralMessage
Core.lua,1454,CC:AddCombatMessage
Core.lua,1469,CC:IsGeneralChannel
Core.lua,1494,normaliseChannelName
Core.lua,1502,CC:GetNamedChannelID
Core.lua,1529,CC:GetGeneralChannelID
Core.lua,1533,CC:ShouldAlertGuild
Core.lua,1546,escapeLuaPattern
Core.lua,1550,CC:MessageMentionsPlayer
Core.lua,1568,getCustomSoundFiles
Core.lua,1587,resolveNamedSound
Core.lua,1597,tryPlaySound
Core.lua,1604,tryPlaySoundFile
Core.lua,1611,soundVolumeBucket
Core.lua,1618,customSoundPathForVolume
Core.lua,1625,CC:PlaySoundPreset
Core.lua,1664,CC:GetNotificationSoundKey
Core.lua,1668,CC:GetSoundChoice
Core.lua,1675,CC:SetSoundChoice
Core.lua,1685,CC:GetAlertSoundVolume
Core.lua,1691,CC:PlayAlertSound
Core.lua,1716,CC:QueueOutgoingFeedMessage
Core.lua,1743,CC:CallSendChatMessage
Core.lua,1762,CC:CallBattleNetWhisper
Core.lua,1781,CC:SendMessage
Core.lua,1869,CC:AddCommandHistory
Core.lua,1879,CC:GetCommandHistory
Core.lua,1892,popupIsShown
Core.lua,1898,restoreSuppressedPopupFrame
Core.lua,1904,CC:IsPlayerInGroup
Core.lua,1920,CC:IsPlayerInParty
Core.lua,1928,CC:ShouldReplacePartyInvitePopup
Core.lua,1934,CC:SuppressBlizzardPartyInvitePopups
Core.lua,1965,CC:HideBlizzardPartyInvitePopups
Core.lua,1969,CC:InstallPartyInvitePopupHook
Core.lua,1984,CC:RestoreBlizzardPartyInvitePopups
Core.lua,1995,CC:FinalizeBlizzardPartyInvitePopups
Core.lua,2013,CC:GetPendingPartyInvitePopup
Core.lua,2025,CC:AcceptPendingPartyInvite
Core.lua,2054,CC:DeclinePendingPartyInvite
Core.lua,2074,CC:GetFirstEventMessage
Core.lua,2082,CC:ClearHistory
Core.lua,2157,chatFilter
Core.lua,2167,CC:RegisterChatFilters
Core.lua,2183,CC:ShouldHideBlizzardChat
Core.lua,2196,CC:HookBlizzardChatFrames
Core.lua,2244,CC:HideBlizzardEditBoxes
Core.lua,2258,CC:ApplyBlizzardChatVisibility
Core.lua,2323,CC:SetBlizzardChatHidden
Core.lua,2331,CC:ChatEventKey
Core.lua,2342,CC:ShouldProcessChatEvent
Core.lua,2350,CC:MarkChatEventProcessed
Core.lua,2363,CC:ChannelDisplayName
Core.lua,2410,CC:DispatchChatEvent
Core.lua,2442,CC:ResolveBattleNetEventAccountID
Core.lua,2459,CC:HandleChatEvent
Core.lua,2528,CC:InstallChatBridge
Core.lua,2555,CC:IsMineCombatant
Core.lua,2570,CC:CombatActorName
Core.lua,2582,CC:HandleCombatLogEvent
Core.lua,2670,CC:ResetPositions
Core.lua,2679,CC:ResetUISettings
Core.lua,2698,CC:ShowVersionInfo
Core.lua,2712,CC:AnnounceLoadedBuild
Core.lua,2723,CC:RunTest
Core.lua,2752,parseOnOff
Core.lua,2763,CC:ShowHelp
Core.lua,2796,CC:HandleSlashCommand
Core.lua,3046,CC:AddChatFriend
Core.lua,3062,CC:MergeWhisperDuplicates
Core.lua,3138,CC:InitializeDatabase
Core.lua,3708,migrateTetrisVersus
Core.lua,3732,migrateTetrisReveal
Core.lua,3799,migrateNotificationHub
Core.lua,3827,mergeWhispers
Core.lua,3866,migrateTetrisV60
Core.lua,3885,migrateTetrisV62
Core.lua,3917,migrateTetrisV64
Core.lua,4059,CC:ResolveBattleNetPresenceName
Core.lua,4076,CC:ExtractPresenceNotice
Core.lua,4122,CC:EnsureChatEventRegistration
Developer.lua,16,countTable
Developer.lua,23,yesNo
Developer.lua,27,join
Developer.lua,36,Developer:GetModuleStatus
Developer.lua,45,Developer:GetDatabaseStatus
Developer.lua,59,Developer:GetAssetCounts
Developer.lua,94,Developer:GetRuntimeReport
Developer.lua,112,Developer:PrintRuntimeReport
Developer.lua,118,Developer:PrintModules
Developer.lua,126,Developer:PrintAssets
Developer.lua,135,CC:HandleSlashCommand
Developer.lua,151,CC:ShowHelp
DungeonCrawlerContent.lua,943,scaledVariance
DungeonCrawlerContent.lua,951,Content:GetScaledEnemyStats
DungeonCrawlerContent.lua,985,Content:GetEnemy
DungeonCrawlerContent.lua,989,Content:GetEnemyPool
DungeonCrawlerContent.lua,1003,Content:GetBoss
DungeonCrawlerContent.lua,1007,Content:IsBossLevel
DungeonCrawlerContent.lua,1012,Content:GetBossForLevel
DungeonCrawlerContent.lua,1027,Content:GetCrate
DungeonCrawlerContent.lua,1031,Content:GetMilestoneChest
DungeonCrawlerContent.lua,1041,Content:GetRewardIcon
DungeonCrawlerContent.lua,1045,Content:GetArmourByTier
DungeonCrawlerContent.lua,1053,Content:GetEligibleArmour
DungeonCrawlerContent.lua,1062,Content:GetArmourSets
DungeonCrawlerContent.lua,1066,Content:GetArmourSet
DungeonCrawlerContent.lua,1074,Content:GetArmourForLevel
DungeonDwellersAssetSets.lua,149,_G.CreshChatDDGetSet
DungeonDwellersAssetSets.lua,153,_G.CreshChatDDGetTexture
DungeonDwellersProgression.lua,15,now
DungeonDwellersProgression.lua,21,clamp
DungeonDwellersProgression.lua,26,showDungeonPassToast
DungeonDwellersProgression.lua,35,dungeonSave
DungeonDwellersProgression.lua,42,Pass:Ensure
DungeonDwellersProgression.lua,88,Pass:GetNextLevelCost
DungeonDwellersProgression.lua,93,Pass:GetCumulativeXP
DungeonDwellersProgression.lua,99,Pass:GetLevelFromXP
DungeonDwellersProgression.lua,106,Pass:GetProgress
DungeonDwellersProgression.lua,117,addBuff
DungeonDwellersProgression.lua,121,Pass:GetReward
DungeonDwellersProgression.lua,153,Pass:GetRewardText
DungeonDwellersProgression.lua,160,Pass:IsLevelReached
DungeonDwellersProgression.lua,165,Pass:IsRewardClaimed
DungeonDwellersProgression.lua,170,Pass:GetBuffs
DungeonDwellersProgression.lua,175,Pass:RefreshUI
DungeonDwellersProgression.lua,184,Pass:AddXP
DungeonDwellersProgression.lua,224,Pass:RecordMobKill
DungeonDwellersProgression.lua,228,Pass:RecordDungeonKill
DungeonDwellersProgression.lua,234,Pass:RecordQuest
DungeonDwellersProgression.lua,238,Pass:RecordZone
DungeonDwellersProgression.lua,247,Pass:RecordAchievement
DungeonDwellersProgression.lua,256,Pass:ClaimReward
DungeonDwellersProgression.lua,295,Pass:ClaimAllAvailable
DungeonDwellersProgression.lua,317,Pass:GetActivitySummary
DungeonDwellersProgression.lua,330,safeRegister
Friends.lua,15,safeCall
Friends.lua,23,actionSucceeded
Friends.lua,29,tryActions
Friends.lua,36,trim
Friends.lua,43,normalise
Friends.lua,47,samePlayerName
Friends.lua,57,apiFlag
Friends.lua,61,classFileFromName
Friends.lua,76,readModernFriend
Friends.lua,109,readLegacyFriend
Friends.lua,125,readModernBattleNetFriend
Friends.lua,132,readLegacyBattleNetFriend
Friends.lua,161,readPlayerFriend
Friends.lua,167,readBattleNetFriend
Friends.lua,176,battleNetFriendCount
Friends.lua,185,playerFriendCount
Friends.lua,194,battleNetDisplayName
Friends.lua,206,burningCrusadeProjectID
Friends.lua,210,isWoWClient
Friends.lua,215,isTBCGameAccount
Friends.lua,225,getTBCGameAccount
Friends.lua,227,addCandidate
Friends.lua,262,Friends:SyncPlayerFriends
Friends.lua,293,Friends:GetPlayerFriends
Friends.lua,335,Friends:GetBattleNetFriends
Friends.lua,431,Friends:GetCurrentZoneQuestGivers
Friends.lua,463,Friends:GetPreviousWhispers
Friends.lua,519,Friends:GetRoster
Friends.lua,546,Friends:RequestGuildRoster
Friends.lua,562,Friends:GetGuildRoster
Friends.lua,591,fullUnitName
Friends.lua,612,unitRosterItem
Friends.lua,652,sortGroupRoster
Friends.lua,665,Friends:GetPartyRoster
Friends.lua,688,Friends:GetRaidRoster
Friends.lua,705,Friends:GetInstanceRoster
Friends.lua,712,currentZoneName
Friends.lua,718,Friends:RequestLocalRoster
Friends.lua,736,whoResultCount
Friends.lua,743,readWhoInfo
Friends.lua,757,Friends:CaptureLocalRoster
Friends.lua,810,Friends:GetLocalRoster
Friends.lua,831,Friends:SyncAllRosters
Friends.lua,837,Friends:RefreshBattleNetRoutes
Friends.lua,842,Friends:RequestRoster
Friends.lua,849,Friends:AddFriend
Friends.lua,883,Friends:InvitePlayer
Friends.lua,908,Friends:RemovePlayer
Friends.lua,930,Friends:RemoveBattleNetFriend
Friends.lua,962,Friends:RemoveEntry
Friends.lua,970,Friends:NotifyUI
GameAudio.lua,20,clamp
GameAudio.lua,21,bucket
GameAudio.lua,27,fileFor
GameAudio.lua,31,playFile
GameAudio.lua,38,Audio:Ensure
GameAudio.lua,48,Audio:StopMusic
GameAudio.lua,53,Audio:PlayMusic
GameAudio.lua,58,loop
GameAudio.lua,67,Audio:RestartMusic
GameAudio.lua,70,Audio:PlayEffect
GameAudio.lua,76,Audio:PlayInteraction
Games.lua,25,now
Games.lua,31,stamp
Games.lua,36,trim
Games.lua,43,clamp
Games.lua,48,split
Games.lua,64,join
Games.lua,70,shortName
Games.lua,75,cleanName
Games.lua,80,samePlayer
Games.lua,85,routeName
Games.lua,91,safeCall
Games.lua,96,templateName
Games.lua,121,palette
Games.lua,137,darken
Games.lua,147,brighten
Games.lua,157,applyBackdrop
Games.lua,166,createText
Games.lua,176,createButton
Games.lua,201,setButtonEnabled
Games.lua,207,setButtonAccent
Games.lua,225,Games:GetCatalog
Games.lua,234,Games:GetGameName
Games.lua,238,Games:RegisterPrefix
Games.lua,250,Games:SendRaw
Games.lua,264,Games:Send
Games.lua,269,Games:NewSessionID
Games.lua,277,Games:IsPeerAvailable
Games.lua,283,Games:MarkPeer
Games.lua,295,Games:SendLeaderboard
Games.lua,315,Games:BroadcastLeaderboard
Games.lua,324,Games:RecordResult
Games.lua,348,Games:GetTargets
Games.lua,350,add
Games.lua,427,Games:SetTarget
Games.lua,440,Games:CycleTarget
Games.lua,453,Games:Ping
Games.lua,461,Games:ScanPeers
Games.lua,474,Games:SetHubStatus
Games.lua,483,Games:RefreshHub
Games.lua,542,Games:BuildHub
Games.lua,632,Games:SetHubVisible
Games.lua,639,Games:OpenHub
Games.lua,648,Games:Challenge
Games.lua,680,Games:ShowChallengePopup
Games.lua,718,Games:AcceptChallenge
Games.lua,738,Games:DeclineChallenge
Games.lua,748,Games:CloseActive
Games.lua,757,Games:OnChallenge
Games.lua,775,Games:OnAccept
Games.lua,801,Games:OnStart
Games.lua,808,Games:OnDecline
Games.lua,817,Games:OnClose
Games.lua,828,Games:HandleAddonMessage
Games.lua,859,Games:SendGame
Games.lua,866,Games:BuildGameWindow
Games.lua,959,Games:HideAllGameViews
Games.lua,966,Games:SetGameStatus
Games.lua,974,Games:ShowWaitingGameWindow
Games.lua,983,Games:ShowGameWindow
Games.lua,990,Games:BeginGame
Games.lua,1014,Games:HandleGameMessage
Games.lua,1040,chessPiece
Games.lua,1044,chessInitialBoard
Games.lua,1056,chessPathClear
Games.lua,1067,chessLegal
Games.lua,1094,Games:BuildCHESSView
Games.lua,1151,view:DisplayToBoard
Games.lua,1156,view:BoardToDisplay
Games.lua,1161,view:Refresh
Games.lua,1200,view:ApplyMove
Games.lua,1221,view:ClickBoard
Games.lua,1247,view:ClickDisplay
Games.lua,1252,view:OnKeyDown
Games.lua,1266,view:Resign
Games.lua,1276,view:OnMessage
Games.lua,1300,view:Start
Games.lua,1354,buildVersusRevealStrips
Games.lua,1369,buildVersusBoardGrid
Games.lua,1390,updateVersusRevealStrips
Games.lua,1424,tetrisRandom
Games.lua,1429,Games:BuildTETRISView
Games.lua,1442,buildBoard
Games.lua,1629,newBoard
Games.lua,1638,encodeBoard
Games.lua,1648,decodeBoard
Games.lua,1659,shapeCells
Games.lua,1668,canPlaceOn
Games.lua,1676,view:ShapeCells
Games.lua,1680,view:CanPlace
Games.lua,1684,view:GetLandingY
Games.lua,1692,view:UpdateModeButtons
Games.lua,1703,view:CycleDuration
Games.lua,1712,view:SetDuration
Games.lua,1727,view:SetVersusMode
Games.lua,1739,view:SendSnapshot
Games.lua,1756,view:FinishLocal
Games.lua,1766,view:FinishTimedHost
Games.lua,1778,view:AddGarbage
Games.lua,1799,view:ApplyPendingGarbage
Games.lua,1805,view:Spawn
Games.lua,1822,view:Move
Games.lua,1832,view:Rotate
Games.lua,1843,view:HardDrop
Games.lua,1851,view:LockPiece
Games.lua,1892,renderBoard
Games.lua,1952,view:Refresh
Games.lua,2021,view:OnKeyDown
Games.lua,2033,view:OnUpdate
Games.lua,2051,view:OnMessage
Games.lua,2108,view:Start
Games.lua,2144,Games:BuildPONGView
Games.lua,2168,view:MovePaddle
Games.lua,2175,view:ResetBall
Games.lua,2183,view:Refresh
Games.lua,2194,view:HostUpdateBall
Games.lua,2219,view:AfterScore
Games.lua,2229,view:SendState
Games.lua,2233,view:OnKeyDown
Games.lua,2238,view:OnKeyUp
Games.lua,2244,view:OnUpdate
Games.lua,2258,view:OnMessage
Games.lua,2277,view:Start
Games.lua,2297,cardRank
Games.lua,2298,cardSuit
Games.lua,2299,cardLabel
Games.lua,2305,holdemRng
Games.lua,2310,holdemDeck
Games.lua,2320,evaluateFive
Games.lua,2364,compareRanks
Games.lua,2373,bestSeven
Games.lua,2390,Games:BuildHOLDEMView
Games.lua,2451,view:RoleName
Games.lua,2455,view:SetCard
Games.lua,2469,view:Refresh
Games.lua,2489,view:BroadcastState
Games.lua,2494,view:SendHole
Games.lua,2499,view:DealCommunity
Games.lua,2503,view:Pay
Games.lua,2511,view:StartHostHand
Games.lua,2531,view:StreetComplete
Games.lua,2535,view:BalanceAllIn
Games.lua,2546,view:AdvanceStreet
Games.lua,2563,view:FinishFold
Games.lua,2576,view:Showdown
Games.lua,2597,view:HostAction
Games.lua,2622,view:ChooseAction
Games.lua,2627,view:OnKeyDown
Games.lua,2634,view:OnMessage
Games.lua,2666,view:Start
Games.lua,2681,Games:ApplyTheme
Progression.lua,26,now
Progression.lua,33,mapIDForPlayer
Progression.lua,40,mapPosition
Progression.lua,51,currentAreaName
Progression.lua,59,worldDistance
Progression.lua,77,Progression:Ensure
Progression.lua,98,Progression:XPNeeded
Progression.lua,103,Progression:GetGameRecord
Progression.lua,125,Progression:GetProgress
Progression.lua,132,Progression:UpdateBar
Progression.lua,147,Progression:RefreshUI
Progression.lua,159,Progression:AwardGameLevel
Progression.lua,174,Progression:AddGameXP
Progression.lua,194,Progression:OnGameStarted
Progression.lua,206,Progression:OnGameCompleted
Progression.lua,232,Progression:AwardExploration
Progression.lua,251,Progression:ProcessMovement
Progression.lua,288,Progression:CheckArea
Progression.lua,314,Progression:AwardDungeonClear
Progression.lua,322,Progression:GetExplorationSummary
Progression.lua,329,Progression:RecordKill
Quality.lua,23,clamp
Quality.lua,29,countTable
Quality.lua,35,popoutID
Quality.lua,45,Quality:SanitizeDatabase
Quality.lua,346,Quality:ApplyProfile
Quality.lua,414,UI:RefreshPopoutFor
Quality.lua,439,UI:RequestRefresh
Quality.lua,459,flush
Quality.lua,466,UI:FlushRequestedRefresh
Quality.lua,486,UI:RefreshAll
Quality.lua,491,UI:RequestVisualApply
Quality.lua,497,applyVisuals
Quality.lua,506,UI:OnNewMessage
Quality.lua,598,Quality:GetHealthLines
Quality.lua,615,Quality:PrintHealth
Quality.lua,620,CC:HandleSlashCommand
Quality.lua,651,CC:ShowHelp
Quest.lua,12,trim
Quest.lua,19,safeCall
Quest.lua,30,firstText
Quest.lua,40,CC:EnsureQuestStorage
Quest.lua,51,CC:GetQuestZoneName
Quest.lua,58,CC:GetQuestNPCName
Quest.lua,59,readName
Quest.lua,83,CC:QuestConversationKey
Quest.lua,91,CC:GetQuestConversationMeta
Quest.lua,96,CC:EnsureQuestConversation
Quest.lua,116,CC:AddQuestMessage
Quest.lua,165,frameText
Quest.lua,172,getCurrentQuestTitle
Quest.lua,180,getCurrentQuestID
Quest.lua,188,updateContext
Quest.lua,199,emit
Quest.lua,212,captureQuestMenu
Quest.lua,234,Quest:CaptureGossip
Quest.lua,246,Quest:CaptureGreeting
Quest.lua,255,Quest:CaptureDetail
Quest.lua,268,Quest:CaptureProgress
Quest.lua,278,Quest:CaptureComplete
Quest.lua,288,questTitleFromLogIndex
Quest.lua,295,Quest:CaptureAccepted
Quest.lua,306,Quest:CaptureTurnedIn
Quest.lua,316,Quest:EnsureReady
Settings.lua,6,templateName
Settings.lua,10,backdrop
Settings.lua,35,font
Settings.lua,44,raiseFrame
Settings.lua,55,button
Settings.lua,77,ensureTables
Settings.lua,92,apply
Settings.lua,101,openColorPicker
Settings.lua,103,update
Settings.lua,108,cancel
Settings.lua,211,previewNotification
Settings.lua,216,chooseSound
Settings.lua,228,Settings:RegisterLayout
Settings.lua,239,Settings:CreateToggle
Settings.lua,263,Settings:CloseDropdown
Settings.lua,269,Settings:CreateDropdown
Settings.lua,382,settingsMenuScale
Settings.lua,392,row:LayoutMenu
Settings.lua,508,Settings:CreateCycle
Settings.lua,512,Settings:CreateSlider
Settings.lua,551,updateVisual
Settings.lua,591,Settings:CreateColorRow
Settings.lua,623,Settings:NewBuilder
Settings.lua,644,Builder:Flush
Settings.lua,651,Builder:Section
Settings.lua,665,Builder:HalfToggle
Settings.lua,673,Builder:HalfColor
Settings.lua,681,Builder:Dropdown
Settings.lua,688,Builder:Cycle
Settings.lua,692,Builder:Slider
Settings.lua,699,Builder:Note
Settings.lua,714,Builder:Buttons
Settings.lua,760,Builder:Finish
Settings.lua,765,pct
Settings.lua,766,px
Settings.lua,767,sec
Settings.lua,769,Settings:BuildGeneral
Settings.lua,813,Settings:BuildDock
Settings.lua,845,Settings:BuildWindows
Settings.lua,868,Settings:BuildAlerts
Settings.lua,999,setConsoleTab
Settings.lua,1010,Settings:BuildConsole
Settings.lua,1041,Settings:BuildThemes
Settings.lua,1087,guildColor
Settings.lua,1093,Settings:BuildGuild
Settings.lua,1141,Settings:BuildChannels
Settings.lua,1153,Settings:BuildProfiles
Settings.lua,1192,Settings:BuildAdvanced
Settings.lua,1225,Settings:CreatePage
Settings.lua,1252,Settings:SetPage
Settings.lua,1274,Settings:Relayout
Settings.lua,1303,restoreFontAlpha
Settings.lua,1319,Settings:RestorePageVisibility
Settings.lua,1329,Settings:KeepOnTop
Settings.lua,1352,Settings:Refresh
Settings.lua,1371,Settings:Build
Settings.lua,1505,UI:OpenSettings
SoloGames.lua,21,now
SoloGames.lua,27,clamp
SoloGames.lua,32,formatChips
SoloGames.lua,39,templateName
SoloGames.lua,66,palette
SoloGames.lua,84,darken
SoloGames.lua,94,brighten
SoloGames.lua,104,applyBackdrop
SoloGames.lua,113,createText
SoloGames.lua,123,createButton
SoloGames.lua,148,setButtonEnabled
SoloGames.lua,154,setButtonAccent
SoloGames.lua,163,cardFrame
SoloGames.lua,171,makeRng
SoloGames.lua,173,state:Next
SoloGames.lua,178,state:Float
SoloGames.lua,184,ensureSave
SoloGames.lua,278,Solo:GetSave
SoloGames.lua,294,localPlayerName
SoloGames.lua,301,cleanHistoryText
SoloGames.lua,309,Solo:RecordHistory
SoloGames.lua,334,Solo:GetHistory
SoloGames.lua,339,Solo:GetLeaderboardSnapshot
SoloGames.lua,353,Solo:UpdateLocalLeaderboard
SoloGames.lua,365,Solo:ReceiveLeaderboard
SoloGames.lua,386,Solo:GetLeaderboard
SoloGames.lua,406,Solo:GetLeaderboardMetric
SoloGames.lua,410,Solo:PushLeaderboards
SoloGames.lua,416,Solo:SetStatus
SoloGames.lua,424,Solo:HideViews
SoloGames.lua,431,Solo:BuildWindow
SoloGames.lua,533,Solo:GetCatalog
SoloGames.lua,546,Solo:BuildHub
SoloGames.lua,633,Solo:BuildSocialPanel
SoloGames.lua,728,Solo:RefreshSocialPanel
SoloGames.lua,802,Solo:ShowSocialPanel
SoloGames.lua,812,Solo:OpenLeaderboard
SoloGames.lua,816,Solo:OpenHistory
SoloGames.lua,820,Solo:RefreshHub
SoloGames.lua,844,Solo:ShowHub
SoloGames.lua,858,Solo:OpenHub
SoloGames.lua,862,Solo:StartGame
SoloGames.lua,886,Solo:OpenDungeonDwellers
SoloGames.lua,902,Solo:AttachHub
SoloGames.lua,927,frogLevel
SoloGames.lua,942,Solo:BuildFROGGERView
SoloGames.lua,1042,view:ClearObjects
SoloGames.lua,1047,view:AddObject
SoloGames.lua,1065,view:BuildLevel
SoloGames.lua,1096,view:ResetFrog
SoloGames.lua,1105,view:RefreshFrog
SoloGames.lua,1112,view:RefreshObjects
SoloGames.lua,1119,view:RefreshInfo
SoloGames.lua,1129,view:ChangeLevel
SoloGames.lua,1136,view:Move
SoloGames.lua,1153,view:RoadOverlaps
SoloGames.lua,1163,view:RiverSupports
SoloGames.lua,1169,view:CheckImmediate
SoloGames.lua,1188,view:LoseLife
SoloGames.lua,1212,view:CompleteLevel
SoloGames.lua,1235,view:StartLevel
SoloGames.lua,1258,view:RestartLevel
SoloGames.lua,1262,view:TogglePause
SoloGames.lua,1271,view:OnKeyDown
SoloGames.lua,1280,view:OnUpdate
SoloGames.lua,1317,view:Start
SoloGames.lua,1333,cardRank
SoloGames.lua,1334,cardSuit
SoloGames.lua,1335,cardLabel
SoloGames.lua,1341,shuffledDeck
SoloGames.lua,1352,evaluateFive
SoloGames.lua,1402,compareRanks
SoloGames.lua,1411,bestSeven
SoloGames.lua,1437,bestAvailable
SoloGames.lua,1460,choose
SoloGames.lua,1479,describePokerRank
SoloGames.lua,1493,oddsStanding
SoloGames.lua,1504,estimateHoldemOdds
SoloGames.lua,1541,createPlayingCard
SoloGames.lua,1553,setCard
SoloGames.lua,1573,Solo:BuildHOLDEMView
SoloGames.lua,1659,view:Draw
SoloGames.lua,1665,view:Contribute
SoloGames.lua,1677,view:Other
SoloGames.lua,1679,view:RequiredCall
SoloGames.lua,1684,view:SaveBankroll
SoloGames.lua,1691,view:GetOdds
SoloGames.lua,1703,view:Refresh
SoloGames.lua,1743,view:RefreshActions
SoloGames.lua,1759,view:BeginHand
SoloGames.lua,1795,view:StartMatch
SoloGames.lua,1816,view:FinishMatch
SoloGames.lua,1837,view:NextStreet
SoloGames.lua,1864,view:RunOutBoard
SoloGames.lua,1870,view:EndAction
SoloGames.lua,1904,view:Act
SoloGames.lua,1932,view:PlayerAction
SoloGames.lua,1939,view:ChooseAction
SoloGames.lua,1945,view:AIStrength
SoloGames.lua,1961,view:AIAction
SoloGames.lua,1979,view:ScheduleAI
SoloGames.lua,1986,view:Showdown
SoloGames.lua,2024,view:ScheduleNextHand
SoloGames.lua,2031,view:OnKeyDown
SoloGames.lua,2041,view:Start
SoloGames.lua,2048,blackjackValueDetail
SoloGames.lua,2060,blackjackValue
SoloGames.lua,2065,blackjackHandText
SoloGames.lua,2072,Solo:BuildBLACKJACKView
SoloGames.lua,2155,view:Draw
SoloGames.lua,2162,view:BetStep
SoloGames.lua,2170,view:SaveBankroll
SoloGames.lua,2177,view:ResetBankroll
SoloGames.lua,2188,view:DealOrReset
SoloGames.lua,2192,view:Refresh
SoloGames.lua,2256,view:ChangeBet
SoloGames.lua,2263,view:DealHand
SoloGames.lua,2287,view:Hit
SoloGames.lua,2296,view:Double
SoloGames.lua,2304,view:Stand
SoloGames.lua,2315,view:Resolve
SoloGames.lua,2352,view:ChooseAction
SoloGames.lua,2359,view:OnKeyDown
SoloGames.lua,2375,view:StartSession
SoloGames.lua,2392,view:Start
SoloGames.lua,2401,higherLowerRankName
SoloGames.lua,2411,Solo:BuildHIGHERLOWERView
SoloGames.lua,2493,view:Draw
SoloGames.lua,2503,view:BetStep
SoloGames.lua,2511,view:Save
SoloGames.lua,2519,view:ChangeBet
SoloGames.lua,2526,view:ResetBankroll
SoloGames.lua,2537,view:DealOrReset
SoloGames.lua,2549,view:Guess
SoloGames.lua,2588,view:AdvanceRound
SoloGames.lua,2604,view:Refresh
SoloGames.lua,2639,view:OnKeyDown
SoloGames.lua,2651,view:StartSession
SoloGames.lua,2668,view:Start
SoloGames.lua,2714,buildTetrisRevealStrips
SoloGames.lua,2731,buildTetrisBoardGrid
SoloGames.lua,2752,updateTetrisRevealStrips
SoloGames.lua,2788,soloTetrisRandom
SoloGames.lua,2793,soloTetrisCPURandom
SoloGames.lua,2799,Solo:BuildTETRISView
SoloGames.lua,2835,buildBoard
SoloGames.lua,2919,createMetricCard
SoloGames.lua,3277,newBoard
SoloGames.lua,3283,copyBoard
SoloGames.lua,3289,shapeCells
SoloGames.lua,3298,canPlaceOn
SoloGames.lua,3306,clearBoardLines
SoloGames.lua,3320,addGarbage
SoloGames.lua,3335,boardHeuristic
SoloGames.lua,3351,view:ShapeCells
SoloGames.lua,3355,view:CanPlace
SoloGames.lua,3359,view:GetLandingY
SoloGames.lua,3365,view:SetTabState
SoloGames.lua,3374,view:UpdateGameLayout
SoloGames.lua,3388,view:SelectTab
SoloGames.lua,3412,view:RefreshPassPanel
SoloGames.lua,3437,view:GetVisibleThemes
SoloGames.lua,3446,view:PreviewTheme
SoloGames.lua,3454,view:UsePreviewTheme
SoloGames.lua,3469,view:RefreshThemePreview
SoloGames.lua,3501,view:RefreshThemePanel
SoloGames.lua,3546,view:CloseOverlay
SoloGames.lua,3554,view:OpenBackgroundPreview
SoloGames.lua,3583,view:GetVisibleBackgrounds
SoloGames.lua,3588,view:RefreshBackgroundPanel
SoloGames.lua,3646,view:CycleUnlockedTheme
SoloGames.lua,3662,view:CycleCPU
SoloGames.lua,3669,view:CycleCPUFormat
SoloGames.lua,3676,view:CycleSoloDuration
SoloGames.lua,3687,view:Finish
SoloGames.lua,3720,view:FinishTimed
SoloGames.lua,3733,view:Spawn
SoloGames.lua,3750,view:Move
SoloGames.lua,3757,view:Rotate
SoloGames.lua,3763,view:HardDrop
SoloGames.lua,3770,view:ApplyPlayerGarbage
SoloGames.lua,3776,view:LockPiece
SoloGames.lua,3806,view:TogglePause
SoloGames.lua,3812,view:ChooseCPUPlacement
SoloGames.lua,3831,view:CPUPlacePiece
SoloGames.lua,3860,view:UpdateCPU
SoloGames.lua,3868,renderBoard
SoloGames.lua,3910,view:Refresh
SoloGames.lua,3987,view:OnKeyDown
SoloGames.lua,3997,view:OnUpdate
SoloGames.lua,4020,view:StartMode
SoloGames.lua,4026,view:Start
SoloGames.lua,4052,Solo:RefreshTetrisPanels
SoloGames.lua,4091,soloChessPiece
SoloGames.lua,4095,soloChessInitialBoard
SoloGames.lua,4107,soloChessCopyBoard
SoloGames.lua,4119,soloChessCopyState
SoloGames.lua,4129,soloChessInside
SoloGames.lua,4133,soloChessFindKing
SoloGames.lua,4142,soloChessIsAttacked
SoloGames.lua,4190,soloChessInCheck
SoloGames.lua,4196,soloChessAddMove
SoloGames.lua,4202,soloChessPseudoMoves
SoloGames.lua,4307,soloChessApplyMove
SoloGames.lua,4343,soloChessLegalMoves
SoloGames.lua,4352,soloChessMoveTarget
SoloGames.lua,4356,soloChessCapturedPiece
SoloGames.lua,4361,soloChessPositionValue
SoloGames.lua,4381,soloChessEvaluate
SoloGames.lua,4401,soloChessMoveOrder
SoloGames.lua,4413,soloChessSortMoves
SoloGames.lua,4417,soloChessSearch
SoloGames.lua,4461,soloChessOpeningMove
SoloGames.lua,4475,soloChessFindBestMove
SoloGames.lua,4523,soloChessInsufficientMaterial
SoloGames.lua,4536,soloChessMoveText
SoloGames.lua,4547,Solo:BuildCHESSView
SoloGames.lua,4634,view:DisplayToBoard
SoloGames.lua,4635,view:BoardToDisplay
SoloGames.lua,4637,view:SetLevel
SoloGames.lua,4645,view:GetSelectedMoves
SoloGames.lua,4655,view:Refresh
SoloGames.lua,4725,view:Finish
SoloGames.lua,4750,view:CheckOutcome
SoloGames.lua,4763,view:FindMove
SoloGames.lua,4769,view:ApplyPlayerMove
SoloGames.lua,4781,view:ClickBoard
SoloGames.lua,4804,view:ClickDisplay
SoloGames.lua,4809,view:BeginAI
SoloGames.lua,4827,view:CompleteAI
SoloGames.lua,4846,view:OnUpdate
SoloGames.lua,4866,view:Resign
SoloGames.lua,4871,view:OnKeyDown
SoloGames.lua,4889,view:Start
SoloGames.lua,5038,dungeonTexture
SoloGames.lua,5047,dungeonCreateOpaqueTexture
SoloGames.lua,5062,dungeonEachTexture
SoloGames.lua,5068,dungeonSetTexture
SoloGames.lua,5079,dungeonSetDesaturated
SoloGames.lua,5083,dungeonSetVertexColor
SoloGames.lua,5087,dungeonDefaultClassKey
SoloGames.lua,5096,dungeonClassData
SoloGames.lua,5101,dungeonArmourStatText
SoloGames.lua,5121,dungeonDiceTexture
SoloGames.lua,5127,dungeonPlayerKey
SoloGames.lua,5132,dungeonBossVisualKey
SoloGames.lua,5146,dungeonEnemyVisual
SoloGames.lua,5170,dungeonMinionVisual
SoloGames.lua,5175,dungeonHealthBar
SoloGames.lua,5197,dungeonNewEnemyDefinition
SoloGames.lua,5207,dungeonEnemyName
SoloGames.lua,5214,dungeonEnemy
SoloGames.lua,5279,dungeonMinion
SoloGames.lua,5293,Solo:BuildDUNGEONView
SoloGames.lua,5309,view:RegisterBreath
SoloGames.lua,6009,view:GetClassData
SoloGames.lua,6015,view:GetEquippedArmour
SoloGames.lua,6025,view:GetDungeonPassBuffs
SoloGames.lua,6032,view:GetArmourStats
SoloGames.lua,6048,view:GetClassStat
SoloGames.lua,6067,view:CycleCollectionClass
SoloGames.lua,6077,view:BuildCollectionEntries
SoloGames.lua,6086,include
SoloGames.lua,6183,view:RefreshCollectionPanel
SoloGames.lua,6223,view:RefreshStatsPanel
SoloGames.lua,6245,view:RefreshPassPanel
SoloGames.lua,6287,view:SetDwellersMode
SoloGames.lua,6298,view:ShowDwellersPanel
SoloGames.lua,6305,view:RefreshDwellersPanel
SoloGames.lua,6323,view:ApplyClassVisuals
SoloGames.lua,6339,view:RefreshArmourPicker
SoloGames.lua,6370,view:ShowArmourPicker
SoloGames.lua,6377,view:SetArmour
SoloGames.lua,6395,view:RefreshClassPicker
SoloGames.lua,6404,view:ShowClassPicker
SoloGames.lua,6410,view:SetClass
SoloGames.lua,6425,view:AddLog
SoloGames.lua,6432,view:LivingEnemies
SoloGames.lua,6438,view:RandomLivingEnemy
SoloGames.lua,6445,view:SelectLiving
SoloGames.lua,6454,view:WeakestMinionIndex
SoloGames.lua,6463,view:MinionActionText
SoloGames.lua,6472,view:RefreshDiceVisuals
SoloGames.lua,6515,view:StartDiceAnimation
SoloGames.lua,6529,view:Refresh
SoloGames.lua,6687,view:CopyMinions
SoloGames.lua,6696,view:CreateBossCheckpoint
SoloGames.lua,6704,view:RetryBoss
SoloGames.lua,6719,view:SummonBossAdd
SoloGames.lua,6731,view:ModifyBossIncomingDamage
SoloGames.lua,6777,view:AfterBossHit
SoloGames.lua,6800,view:BossTurnEffects
SoloGames.lua,6880,view:GenerateRoom
SoloGames.lua,6900,view:OfferMinion
SoloGames.lua,6910,view:AddCoins
SoloGames.lua,6922,view:HasPendingCrate
SoloGames.lua,6926,view:TryPurchaseArmourWithShards
SoloGames.lua,6945,view:QueueBossCrate
SoloGames.lua,6967,view:FindCrateArmourChoice
SoloGames.lua,6980,view:BuildCrateChoices
SoloGames.lua,7054,view:ShowNextCrate
SoloGames.lua,7081,view:RevealActiveCrate
SoloGames.lua,7105,view:ClaimCrateChoice
SoloGames.lua,7146,view:AwardArmour
SoloGames.lua,7180,view:SelectBossCrate
SoloGames.lua,7197,view:ApplyFirstBossReward
SoloGames.lua,7231,view:AwardBossReward
SoloGames.lua,7272,view:RecordDefeat
SoloGames.lua,7323,view:DamageEnemy
SoloGames.lua,7330,view:TryApplyArmourBleed
SoloGames.lua,7340,view:TickArmourBleeds
SoloGames.lua,7358,view:EnemyTurn
SoloGames.lua,7413,view:PlayerAttack
SoloGames.lua,7504,view:UseMinionPoint
SoloGames.lua,7544,view:ChooseUpgrade
SoloGames.lua,7574,view:NextRoom
SoloGames.lua,7589,view:Die
SoloGames.lua,7614,view:StartRun
SoloGames.lua,7653,view:OnKeyDown
SoloGames.lua,7679,view:OnUpdate
SoloGames.lua,7725,view:Start
SoloGames.lua,7730,Solo:ApplyTheme
TetrisThemes.lua,43,clamp
TetrisThemes.lua,48,copyColor
TetrisThemes.lua,52,mix
TetrisThemes.lua,62,brighten
TetrisThemes.lua,72,darken
TetrisThemes.lua,82,addTheme
TetrisThemes.lua,109,addBackground
TetrisThemes.lua,300,Tetris:GetTheme
TetrisThemes.lua,304,Tetris:GetBackground
TetrisThemes.lua,309,Tetris:GetThemeCount
TetrisThemes.lua,313,Tetris:GetBackgroundThemeCount
TetrisThemes.lua,317,Tetris:GetUnlockedBackgroundCount
TetrisThemes.lua,326,Tetris:GetBackgroundCatalog
TetrisThemes.lua,341,Tetris:GetGameLevel
TetrisThemes.lua,346,Tetris:GetDropInterval
TetrisThemes.lua,363,Tetris:GetPassNextCost
TetrisThemes.lua,368,Tetris:GetPassCumulativeXP
TetrisThemes.lua,375,Tetris:GetPassLevelFromXP
TetrisThemes.lua,382,Tetris:GetPassProgress
TetrisThemes.lua,393,Tetris:GetPassReward
TetrisThemes.lua,411,Tetris:Ensure
TetrisThemes.lua,482,Tetris:UnlockTheme
TetrisThemes.lua,501,Tetris:SyncUnlocks
TetrisThemes.lua,531,Tetris:IsThemeUnlocked
TetrisThemes.lua,537,Tetris:GetSelectedTheme
TetrisThemes.lua,542,Tetris:SelectTheme
TetrisThemes.lua,552,Tetris:GetThemeRequirementText
TetrisThemes.lua,561,Tetris:UnlockBackground
TetrisThemes.lua,577,Tetris:IsBackgroundUnlocked
TetrisThemes.lua,583,Tetris:GetSelectedBackground
TetrisThemes.lua,594,Tetris:SelectBackground
TetrisThemes.lua,604,Tetris:GetBackgroundRequirementText
TetrisThemes.lua,610,Tetris:GetRevealBackground
TetrisThemes.lua,638,Tetris:GetRevealTheme
TetrisThemes.lua,642,Tetris:AddRevealLines
TetrisThemes.lua,666,Tetris:GetRevealProgress
TetrisThemes.lua,675,Tetris:GetRevealOpacity
TetrisThemes.lua,680,Tetris:GetUnlockedCount
TetrisThemes.lua,687,Tetris:GetPieceColor
TetrisThemes.lua,692,Tetris:GetGuideColor
TetrisThemes.lua,696,Tetris:GetBackgroundColor
TetrisThemes.lua,700,Tetris:GetHighlightColor
TetrisThemes.lua,704,Tetris:IsPassLevelReached
TetrisThemes.lua,709,Tetris:IsPassRewardClaimed
TetrisThemes.lua,714,Tetris:AddPassXP
TetrisThemes.lua,728,Tetris:ClaimPassReward
TetrisThemes.lua,744,Tetris:ClaimAllPassRewards
TetrisThemes.lua,761,Tetris:AwardRun
TetrisThemes.lua,772,Tetris:GetCatalog
Themes.lua,11,C
Themes.lua,12,mix
Themes.lua,16,brighten
Themes.lua,19,add
Themes.lua,109,addGuild
UI.lua,95,UI:FocusWindow
UI.lua,111,UI:InstallWindowFocus
UI.lua,121,UI:GetSafeFrameScale
UI.lua,136,UI:ApplySafeFrameScale
UI.lua,144,copyColor
UI.lua,341,UI:GetThemeChrome
UI.lua,347,UI:IsZLRTheme
UI.lua,352,UI:GetLauncherBaseText
UI.lua,356,UI:ApplyLauncherTextStyle
UI.lua,362,isGuildColorReference
UI.lua,370,overwriteColor
UI.lua,480,UI:GetGuildThemeUnlockKey
UI.lua,485,UI:IsGuildThemeUnlocked
UI.lua,492,UI:IsThemePresetUnlocked
UI.lua,499,UI:ResolveGuildThemePreset
UI.lua,512,UI:SyncGuildTheme
UI.lua,529,UI:ApplyGuildThemePreset
UI.lua,559,snapshotThemePreviewColors
UI.lua,570,restoreThemePreviewColors
UI.lua,581,UI:GetThemePreviewName
UI.lua,585,UI:IsThemePreviewActive
UI.lua,589,UI:PreviewThemePreset
UI.lua,615,UI:CancelThemePreview
UI.lua,626,UI:CommitThemePreview
UI.lua,634,UI:ApplyThemePreset
UI.lua,661,UI:ValidateThemeOwnership
UI.lua,691,UI:SyncThemeColors
UI.lua,706,getOutgoingColor
UI.lua,710,getChannelColor
UI.lua,716,templateName
UI.lua,723,applyBackdrop
UI.lua,757,createFont
UI.lua,767,paintBackdrop
UI.lua,777,brightenColor
UI.lua,787,darkenColor
UI.lua,797,createButton
UI.lua,822,createGuildCrest
UI.lua,838,UI:RefreshGuildCrest
UI.lua,850,UI:GetGuildDisplayName
UI.lua,858,setBackground
UI.lua,862,truncate
UI.lua,877,setSprite
UI.lua,886,getClassCoords
UI.lua,891,getRaceCoords
UI.lua,900,unitMatches
UI.lua,914,UI:FindUnitForPlayer
UI.lua,930,createCircularPortrait
UI.lua,973,UI:UpdatePlayerPortrait
UI.lua,1069,savePosition
UI.lua,1082,applyPosition
UI.lua,1091,saveSize
UI.lua,1100,applySize
UI.lua,1108,configureResizeBounds
UI.lua,1119,installShiftResize
UI.lua,1150,installSharedWidthGrips
UI.lua,1155,makeGrip
UI.lua,1189,installPopoutWidthGrips
UI.lua,1194,makeGrip
UI.lua,1227,createBadge
UI.lua,1237,setBadge
UI.lua,1243,UI:SetUnreadPulse
UI.lua,1293,UI:CreateMessageView
UI.lua,1314,view:Refresh
UI.lua,1479,UI:CreateCompactPopoutView
UI.lua,1491,refreshFromCache
UI.lua,1504,view:Refresh
UI.lua,1612,UI:CreateCombatView
UI.lua,1644,view:Refresh
UI.lua,1714,UI:GetWhisperPortraitMessage
UI.lua,1736,UI:GetSortedConversations
UI.lua,1749,UI:GetSortedQuestConversations
UI.lua,1768,UI:GetSortedFriends
UI.lua,1775,UI:GetSortedGuildRoster
UI.lua,1780,UI:GetSortedLocalRoster
UI.lua,1785,UI:GetSortedPartyRoster
UI.lua,1790,UI:GetSortedRaidRoster
UI.lua,1795,UI:GetSortedInstanceRoster
UI.lua,1800,UI:OpenDirectoryEntry
UI.lua,1813,UI:OpenBattleNetFriendMessage
UI.lua,1819,UI:OpenBattleNetCharacterWhisper
UI.lua,1833,UI:CallDirectoryEntry
UI.lua,1845,UI:AddDirectoryFriend
UI.lua,1853,UI:InviteDirectoryEntry
UI.lua,1864,UI:InviteWhisperTarget
UI.lua,1880,UI:RefreshFriendsHeader
UI.lua,1897,UI:OpenFriendEntry
UI.lua,1923,UI:InviteFriendEntry
UI.lua,1936,UI:ConfirmRemoveFriend
UI.lua,1942,removeEntry
UI.lua,1970,UI:PromptAddFriend
UI.lua,2004,UI:RefreshConversationList
UI.lua,2493,UI:AddWhisperFriend
UI.lua,2506,UI:CloseWhisper
UI.lua,2544,UI:CloseQuestConversation
UI.lua,2576,UI:RefreshSettingsPanel
UI.lua,2584,UI:BuildSettingsPanel
UI.lua,2598,addRow
UI.lua,2627,UI:GetConsoleTabs
UI.lua,2634,UI:IsConsoleTabEnabled
UI.lua,2647,UI:IsGeneralFeedMode
UI.lua,2651,UI:GetFirstVisibleConsoleMode
UI.lua,2660,UI:GetMainBodyTopOffset
UI.lua,2664,UI:LayoutMainTabs
UI.lua,2731,UI:RefreshConsoleTabs
UI.lua,2742,setDrawerButtonEnabled
UI.lua,2749,UI:GetGameDrawerSide
UI.lua,2763,UI:PositionGameDrawer
UI.lua,2784,UI:BuildGameDrawer
UI.lua,3041,UI:SetGameDrawerStatus
UI.lua,3050,UI:SetGameDrawerMode
UI.lua,3097,UI:SetGameDrawerScroll
UI.lua,3107,UI:ScrollGameDrawerToTheme
UI.lua,3122,UI:RefreshGameDrawer
UI.lua,3237,UI:AnimateGameDrawer
UI.lua,3277,UI:OpenGameDrawer
UI.lua,3295,UI:CloseGameDrawer
UI.lua,3300,UI:ToggleGameDrawer
UI.lua,3309,UI:ModeSupportsRosterCollapse
UI.lua,3317,UI:IsRosterCollapsed
UI.lua,3321,UI:SetRosterCollapsed
UI.lua,3327,UI:ApplyRosterCollapseState
UI.lua,3356,UI:RefreshWhisperContactSwitcher
UI.lua,3404,UI:BuildMainFrame
UI.lua,3618,addConsoleTab
UI.lua,3739,UI:IsLauncherCombatHidden
UI.lua,3747,UI:SetBubbleGroupShown
UI.lua,3762,UI:PositionQuickButtons
UI.lua,3787,UI:PositionCombatPanel
UI.lua,3804,UI:GetLatestWhisperTarget
UI.lua,3815,UI:SetQuickDestination
UI.lua,3837,UI:GetQuickDestination
UI.lua,3849,UI:RefreshQuickInputLabel
UI.lua,3902,UI:CycleQuickDestination
UI.lua,3933,UI:GetDockButtonWidth
UI.lua,3938,UI:GetComposerScale
UI.lua,3944,UI:GetMainScale
UI.lua,3950,UI:GetBubbleScale
UI.lua,3956,UI:GetDockHeight
UI.lua,3966,UI:GetComposerBodyWidth
UI.lua,3973,UI:GetConnectedDockVisualWidth
UI.lua,3977,UI:ApplyConnectedDockDimensions
UI.lua,3999,UI:SetSharedDockWidth
UI.lua,4033,UI:SetPopoutWidth
UI.lua,4049,UI:GetActivePopout
UI.lua,4064,UI:WakePopout
UI.lua,4070,UI:SchedulePopoutFade
UI.lua,4078,fadeNow
UI.lua,4088,UI:SetActivePopout
UI.lua,4099,UI:FocusPopoutCommand
UI.lua,4110,UI:GetPopoutStyle
UI.lua,4115,UI:ApplyPopoutStyle
UI.lua,4125,UI:RefreshPopoutStyles
UI.lua,4132,UI:ApplyPopoutLayout
UI.lua,4161,UI:PositionQuickInput
UI.lua,4194,UI:GetNativeCommandEditBox
UI.lua,4205,UI:RunSlashCommandFallback
UI.lua,4238,UI:HandleChatSlashCommand
UI.lua,4298,UI:ExecuteNativeSlashCommand
UI.lua,4342,UI:SendQuickText
UI.lua,4362,UI:CloseQuickInput
UI.lua,4375,UI:ShowComposerFromLauncher
UI.lua,4382,UI:OpenQuickInput
UI.lua,4401,UI:BuildQuickInput
UI.lua,4541,UI:BeginWhisper
UI.lua,4561,cleanCommandOutput
UI.lua,4570,UI:GetBlizzardEditRoute
UI.lua,4579,UI:RedirectBlizzardEditBox
UI.lua,4603,UI:InstallBlizzardChatRedirects
UI.lua,4662,UI:InstallEditBoxWatchers
UI.lua,4679,UI:InstallEnterChatHook
UI.lua,4705,UI:BuildWhisperDockAlert
UI.lua,4747,UI:GetWhisperDockAlertTargetPosition
UI.lua,4777,UI:PositionWhisperDockAlert
UI.lua,4784,UI:ShowWhisperDockAlert
UI.lua,4824,UI:DismissWhisperDockAlert
UI.lua,4831,UI:BuildBubble
UI.lua,4832,makeQuickButton
UI.lua,4982,launcherTime
UI.lua,4988,UI:GetLauncherNotificationStyle
UI.lua,5003,UI:SetLauncherOutline
UI.lua,5018,UI:IsLauncherNoticeActive
UI.lua,5031,UI:IsLauncherInUse
UI.lua,5041,UI:GetLauncherTargetAlpha
UI.lua,5047,UI:ApplyLauncherGroupAlpha
UI.lua,5055,UI:EnsureLauncherAnimation
UI.lua,5063,UI:RefreshLauncherVisibility
UI.lua,5078,UI:MarkLauncherActive
UI.lua,5085,UI:UpdateLauncherAnimation
UI.lua,5125,UI:NotifyLauncher
UI.lua,5153,UI:PreviewLauncherNotification
UI.lua,5157,UI:RefreshLauncherNotification
UI.lua,5201,UI:BuildCombatPanel
UI.lua,5248,UI:ToggleCombatPanel
UI.lua,5260,UI:RefreshCombatPanel
UI.lua,5266,UI:RefreshCombatDisplays
UI.lua,5277,UI:QueueCombatRefresh
UI.lua,5283,refresh
UI.lua,5295,UI:SetTabButtonStyle
UI.lua,5304,UI:GetConsoleModeAccent
UI.lua,5317,UI:UpdateTabAppearance
UI.lua,5354,UI:AnimateModeSwitch
UI.lua,5395,UI:SetMode
UI.lua,5596,UI:MarkCurrentRead
UI.lua,5621,UI:RefreshBadges
UI.lua,5640,UI:GetGeneralMessagesForMode
UI.lua,5652,UI:RefreshMainMessages
UI.lua,5673,UI:RefreshWhisperChrome
UI.lua,5713,UI:RefreshPopouts
UI.lua,5733,UI:RefreshConsoleEconomy
UI.lua,5751,UI:RefreshAll
UI.lua,5753,refresh
UI.lua,5776,UI:GetAnimationDuration
UI.lua,5780,UI:NormaliseAnimationStyle
UI.lua,5787,animationSourceOffset
UI.lua,5801,UI:ShowAnimated
UI.lua,5912,UI:HideAnimated
UI.lua,5960,UI:ApplyVisualSettings
UI.lua,6128,frameRect
UI.lua,6135,framesOverlap
UI.lua,6143,UI:PositionMainNearLauncher
UI.lua,6161,UI:PositionMainFromComposer
UI.lua,6194,UI:SyncMainToComposerDestination
UI.lua,6207,UI:RevealMainFromComposer
UI.lua,6218,UI:OpenDockChat
UI.lua,6233,UI:CloseDockChat
UI.lua,6244,UI:ArrangePopouts
UI.lua,6276,UI:ResolveWindowOverlaps
UI.lua,6289,UI:ToggleMain
UI.lua,6300,UI:OpenChannel
UI.lua,6317,UI:GetPopupScale
UI.lua,6322,UI:GetCardDimensions
UI.lua,6340,UI:GetToastDimensions
UI.lua,6346,UI:GetCardDuration
UI.lua,6355,UI:GetNotificationRole
UI.lua,6361,UI:GetNotificationDuration
UI.lua,6370,UI:RemoveToastFromActiveLists
UI.lua,6377,UI:AddToastToRole
UI.lua,6397,UI:GetMessageNotificationKind
UI.lua,6407,UI:GetCardLimit
UI.lua,6416,UI:GetCardLists
UI.lua,6427,UI:GetEffectiveCardStackDirection
UI.lua,6431,UI:GetNotificationSlideDirection
UI.lua,6437,UI:GetNotificationHubAnchor
UI.lua,6483,UI:GetCardStackMetrics
UI.lua,6494,UI:GetCardAnchor
UI.lua,6498,UI:GetCardLaneX
UI.lua,6502,UI:AvoidCardOverlaps
UI.lua,6506,UI:ApplyCardSettings
UI.lua,6571,UI:SetToastPosition
UI.lua,6577,activeToastList
UI.lua,6591,UI:RepositionToasts
UI.lua,6604,add
UI.lua,6696,UI:SaveCardStackFromDrag
UI.lua,6712,UI:RecycleToast
UI.lua,6742,UI:DismissToast
UI.lua,6750,UI:PauseToast
UI.lua,6757,UI:ResumeToast
UI.lua,6765,UI:AcquireToast
UI.lua,6879,holdToast
UI.lua,6936,UI:StartToast
UI.lua,7036,UI:FindToast
UI.lua,7046,UI:FindSecondaryToast
UI.lua,7054,notificationAccent
UI.lua,7065,UI:ConfigureToastIdentity
UI.lua,7084,UI:MakeRoomForSlideToast
UI.lua,7099,UI:ShowToast
UI.lua,7151,UI:ShowSecondaryToast
UI.lua,7171,UI:ShowSlideToast
UI.lua,7192,UI:ShowSystemToast
UI.lua,7198,UI:ShowPresenceToast
UI.lua,7210,UI:ShowBattlePassToast
UI.lua,7216,UI:ShowDungeonPassToast
UI.lua,7222,UI:ShowGameToast
UI.lua,7228,UI:ShowPartyInvite
UI.lua,7256,UI:CancelPartyInviteToasts
UI.lua,7265,UI:CreatePopout
UI.lua,7508,UI:ShouldCountGeneralBadge
UI.lua,7515,UI:IsChannelVisible
UI.lua,7544,UI:OnNewMessage
UI.lua,7634,UI:ApplySavedPositions
UI.lua,7651,UI:Initialize
Voice.lua,14,now
Voice.lua,18,cleanName
Voice.lua,22,shortName
Voice.lua,26,routeName
Voice.lua,30,peerKey
Voice.lua,34,namesEquivalent
Voice.lua,39,send
Voice.lua,51,voiceStatusOK
Voice.lua,57,safeChannelPart
Voice.lua,64,sessionName
Voice.lua,71,unitFullName
Voice.lua,79,targetIsGroupMember
Voice.lua,94,groupChannelType
Voice.lua,104,Voice:Ensure
Voice.lua,111,Voice:Register
Voice.lua,123,Voice:IsPeerReady
Voice.lua,128,Voice:Probe
Voice.lua,139,Voice:MarkPeer
Voice.lua,145,Voice:CanUseNative
Voice.lua,155,Voice:ActivateNative
Voice.lua,203,Voice:DeactivateNative
Voice.lua,221,Voice:EndCall
Voice.lua,230,Voice:RequestCall
Voice.lua,267,Voice:ShowIncoming
Voice.lua,295,Voice:Handle
